<application>
  <component name="AndroidLogcatFilterHistory">
    <option name="favorites">
      <list>
        <option value="level:error " />
        <option value="package:mine level:error tag:MTAG " />
        <option value="package:mine level:error " />
      </list>
    </option>
    <option name="mostRecentlyUsed" value="level:error" />
    <option name="nonFavorites">
      <list>
        <option value="level:error" />
        <option value="level:error showDriver" />
        <option value="l" />
        <option value="package:" />
        <option value="e" />
        <option value="package:mine TAG" />
        <option value="package:m" />
        <option value="package:com.ipowala" />
        <option value="package:mine " />
        <option value="p" />
        <option value="TAG" />
        <option value="is:error " />
        <option value="TA" />
        <option value="level:" />
        <option value="level:error TAG" />
        <option value="m com.gpsvideocamera.videotimestamp.CameraActivity" />
        <option value="m" />
        <option value="level:error resultLauncher" />
        <option value="level:error Preview" />
        <option value="level:debug " />
      </list>
    </option>
  </component>
</application>