<keymap version="1" name="macOS copy" parent="Mac OS X 10.5+">
  <action id="$Paste">
    <keyboard-shortcut first-keystroke="meta v" />
    <keyboard-shortcut first-keystroke="ctrl v" />
  </action>
  <action id="$SelectAll">
    <keyboard-shortcut first-keystroke="meta a" />
    <keyboard-shortcut first-keystroke="ctrl a" />
  </action>
  <action id="$Undo">
    <keyboard-shortcut first-keystroke="meta z" />
    <keyboard-shortcut first-keystroke="ctrl z" />
  </action>
  <action id="Android.Designer.AutoArrange">
    <keyboard-shortcut first-keystroke="meta l" />
    <keyboard-shortcut first-keystroke="shift meta g" />
  </action>
  <action id="Android.Designer.IssuePanel.QuickFixes">
    <keyboard-shortcut first-keystroke="meta enter" />
    <keyboard-shortcut first-keystroke="alt enter" />
  </action>
  <action id="Back">
    <keyboard-shortcut first-keystroke="meta open_bracket" />
    <keyboard-shortcut first-keystroke="meta alt left" />
    <mouse-shortcut keystroke="button4" />
    <keyboard-shortcut first-keystroke="escape" />
  </action>
  <action id="BookmarksView.Rename" />
  <action id="CloseContent" />
  <action id="CodeCompletion">
    <keyboard-shortcut first-keystroke="meta space" />
  </action>
  <action id="ConvertJavaToKotlin">
    <keyboard-shortcut first-keystroke="shift meta alt k" />
    <keyboard-shortcut first-keystroke="shift ctrl meta k" />
  </action>
  <action id="Editor Paste">
    <keyboard-shortcut first-keystroke="ctrl v" />
  </action>
  <action id="Editor SelectAll">
    <keyboard-shortcut first-keystroke="ctrl a" />
  </action>
  <action id="Editor Undo">
    <keyboard-shortcut first-keystroke="ctrl z" />
  </action>
  <action id="EditorCopy">
    <keyboard-shortcut first-keystroke="meta c" />
    <keyboard-shortcut first-keystroke="ctrl c" />
  </action>
  <action id="EditorDeleteLine">
    <keyboard-shortcut first-keystroke="meta back_space" />
    <keyboard-shortcut first-keystroke="shift back_space" />
  </action>
  <action id="EditorSelectWord">
    <keyboard-shortcut first-keystroke="alt up" />
    <keyboard-shortcut first-keystroke="meta w" />
  </action>
  <action id="EditorSplitLine" />
  <action id="FindPrevious" />
  <action id="FindUsages">
    <keyboard-shortcut first-keystroke="alt f7" />
    <keyboard-shortcut first-keystroke="alt f" />
  </action>
  <action id="GotoDeclaration">
    <keyboard-shortcut first-keystroke="meta b" />
    <mouse-shortcut keystroke="meta button1" />
    <mouse-shortcut keystroke="Force touch" />
    <mouse-shortcut keystroke="button2" />
    <mouse-shortcut keystroke="control button1" />
  </action>
  <action id="NewAndroidVectorAsset">
    <keyboard-shortcut first-keystroke="alt 4" />
  </action>
  <action id="NextInlineCompletionSuggestionAction" />
  <action id="NextTab">
    <keyboard-shortcut first-keystroke="shift meta close_bracket" />
    <keyboard-shortcut first-keystroke="ctrl right" />
    <keyboard-shortcut first-keystroke="ctrl meta right" />
  </action>
  <action id="PrevInlineCompletionSuggestionAction" />
  <action id="PreviousTab">
    <keyboard-shortcut first-keystroke="shift meta open_bracket" />
    <keyboard-shortcut first-keystroke="ctrl left" />
    <keyboard-shortcut first-keystroke="ctrl meta left" />
  </action>
  <action id="ReformatCode">
    <keyboard-shortcut first-keystroke="meta alt l" />
    <keyboard-shortcut first-keystroke="shift meta g" />
  </action>
  <action id="RenameElement">
    <keyboard-shortcut first-keystroke="alt 3" />
  </action>
  <action id="SelectAllOccurrences">
    <keyboard-shortcut first-keystroke="ctrl meta g" />
    <keyboard-shortcut first-keystroke="shift meta j" />
  </action>
  <action id="SelectNextOccurrence">
    <keyboard-shortcut first-keystroke="ctrl g" />
    <keyboard-shortcut first-keystroke="meta j" />
  </action>
  <action id="SetShortcutAction">
    <keyboard-shortcut first-keystroke="meta enter" />
  </action>
  <action id="ShowFilePath">
    <keyboard-shortcut first-keystroke="meta alt f12" />
    <keyboard-shortcut first-keystroke="shift meta alt o" />
  </action>
  <action id="ShowIntentionActions">
    <keyboard-shortcut first-keystroke="meta enter" />
    <keyboard-shortcut first-keystroke="alt enter" />
  </action>
  <action id="SmartTypeCompletion">
    <keyboard-shortcut first-keystroke="meta space" />
  </action>
  <action id="android.deploy.ApplyChanges">
    <keyboard-shortcut first-keystroke="ctrl meta e" />
  </action>
  <action id="android.deploy.CodeSwap">
    <keyboard-shortcut first-keystroke="shift ctrl meta e" />
  </action>
</keymap>